index,filename,l1,l2,l3,l4
0,image_0.jpg,1.0,1.0,0.0,1.0
1,image_1.jpg,1.0,0.0,0.0,0.0
2,image_2.jpg,1.0,1.0,0.0,0.0
3,image_3.jpg,1.0,1.0,0.0,0.0
4,image_4.jpg,1.0,1.0,0.0,0.0
5,image_5.jpg,1.0,0.0,1.0,0.0
6,image_6.jpg,1.0,1.0,0.0,0.0
7,image_7.jpg,1.0,1.0,1.0,0.0
8,image_8.jpg,1.0,1.0,1.0,0.0
9,image_9.jpg,1.0,0.0,1.0,0.0
10,image_10.jpg,1.0,1.0,1.0,0.0
11,image_11.jpg,1.0,1.0,1.0,0.0
12,image_12.jpg,1.0,0.0,0.0,0.0
13,image_13.jpg,1.0,1.0,1.0,0.0
14,image_14.jpg,1.0,1.0,0.0,0.0
15,image_15.jpg,0.0,0.0,0.0,0.0
16,image_16.jpg,1.0,1.0,0.0,0.0
17,image_17.jpg,1.0,1.0,0.0,0.0
18,image_18.jpg,1.0,1.0,1.0,1.0
19,image_19.jpg,1.0,1.0,1.0,0.0
20,image_20.jpg,1.0,1.0,0.0,0.0
21,image_21.jpg,1.0,1.0,0.0,0.0
22,image_22.jpg,1.0,1.0,0.0,0.0
23,image_23.jpg,1.0,1.0,1.0,0.0
24,image_24.jpg,1.0,1.0,0.0,1.0
25,image_25.jpg,0.0,1.0,0.0,0.0
26,image_26.jpg,1.0,1.0,1.0,0.0
27,image_27.jpg,1.0,0.0,0.0,1.0
28,image_28.jpg,1.0,1.0,0.0,0.0
29,image_29.jpg,1.0,1.0,0.0,0.0
30,image_30.jpg,1.0,1.0,0.0,0.0
31,image_31.jpg,1.0,1.0,0.0,0.0
32,image_32.jpg,1.0,1.0,1.0,0.0
33,image_33.jpg,0.0,1.0,0.0,1.0
34,image_34.jpg,1.0,1.0,0.0,0.0
35,image_35.jpg,1.0,1.0,0.0,0.0
36,image_36.jpg,1.0,1.0,1.0,0.0
37,image_37.jpg,0.0,0.0,1.0,0.0
38,image_38.jpg,1.0,0.0,0.0,0.0
39,image_39.jpg,1.0,1.0,0.0,1.0
40,image_40.jpg,1.0,1.0,1.0,0.0
41,image_41.jpg,1.0,1.0,0.0,0.0
42,image_42.jpg,1.0,1.0,1.0,0.0
43,image_43.jpg,1.0,0.0,1.0,0.0
44,image_44.jpg,1.0,1.0,1.0,0.0
45,image_45.jpg,1.0,1.0,0.0,0.0
46,image_46.jpg,1.0,0.0,1.0,1.0
47,image_47.jpg,1.0,1.0,0.0,0.0
48,image_48.jpg,1.0,1.0,1.0,1.0
49,image_49.jpg,0.0,1.0,0.0,0.0
50,image_50.jpg,1.0,1.0,1.0,0.0
51,image_51.jpg,0.0,1.0,0.0,0.0
52,image_52.jpg,1.0,1.0,1.0,0.0
53,image_53.jpg,1.0,1.0,1.0,0.0
54,image_54.jpg,1.0,1.0,1.0,0.0
55,image_55.jpg,1.0,1.0,1.0,0.0
56,image_56.jpg,0.0,1.0,1.0,0.0
57,image_57.jpg,1.0,1.0,0.0,1.0
58,image_58.jpg,1.0,1.0,1.0,0.0
59,image_59.jpg,1.0,1.0,0.0,0.0
60,image_60.jpg,1.0,1.0,0.0,0.0
61,image_61.jpg,1.0,1.0,1.0,0.0
62,image_62.jpg,1.0,1.0,0.0,0.0
63,image_63.jpg,1.0,1.0,1.0,0.0
64,image_64.jpg,1.0,1.0,1.0,0.0
65,image_65.jpg,1.0,1.0,1.0,0.0
66,image_66.jpg,1.0,1.0,1.0,1.0
67,image_67.jpg,1.0,1.0,0.0,0.0
68,image_68.jpg,1.0,1.0,1.0,0.0
69,image_69.jpg,1.0,0.0,0.0,0.0
70,image_70.jpg,1.0,0.0,0.0,0.0
71,image_71.jpg,1.0,1.0,0.0,0.0
72,image_72.jpg,1.0,1.0,0.0,0.0
73,image_73.jpg,1.0,1.0,0.0,0.0
74,image_74.jpg,1.0,1.0,1.0,0.0
75,image_75.jpg,1.0,0.0,0.0,0.0
76,image_76.jpg,1.0,1.0,1.0,0.0
77,image_77.jpg,1.0,1.0,1.0,0.0
78,image_78.jpg,1.0,1.0,0.0,0.0
79,image_79.jpg,1.0,1.0,1.0,0.0
80,image_80.jpg,1.0,0.0,1.0,0.0
81,image_81.jpg,1.0,1.0,0.0,0.0
82,image_82.jpg,1.0,1.0,1.0,0.0
83,image_83.jpg,1.0,1.0,0.0,0.0
84,image_84.jpg,0.0,1.0,1.0,1.0
85,image_85.jpg,0.0,1.0,0.0,0.0
86,image_86.jpg,1.0,1.0,1.0,0.0
87,image_87.jpg,1.0,1.0,1.0,0.0
88,image_88.jpg,1.0,1.0,0.0,0.0
89,image_89.jpg,1.0,1.0,0.0,0.0
90,image_90.jpg,1.0,1.0,1.0,0.0
91,image_91.jpg,0.0,1.0,0.0,0.0
92,image_92.jpg,1.0,1.0,0.0,0.0
93,image_93.jpg,1.0,1.0,1.0,0.0
94,image_94.jpg,1.0,0.0,1.0,0.0
95,image_95.jpg,1.0,1.0,0.0,0.0
96,image_96.jpg,1.0,1.0,0.0,0.0
97,image_97.jpg,1.0,1.0,1.0,0.0
98,image_98.jpg,0.0,1.0,0.0,0.0
99,image_99.jpg,1.0,1.0,0.0,0.0
100,image_100.jpg,1.0,1.0,0.0,0.0
101,image_101.jpg,1.0,1.0,0.0,0.0
102,image_102.jpg,1.0,1.0,0.0,0.0
103,image_103.jpg,1.0,0.0,1.0,0.0
104,image_104.jpg,0.0,0.0,0.0,0.0
105,image_105.jpg,1.0,0.0,0.0,1.0
106,image_106.jpg,1.0,0.0,0.0,0.0
107,image_107.jpg,1.0,1.0,0.0,0.0
108,image_108.jpg,1.0,1.0,1.0,0.0
109,image_109.jpg,1.0,1.0,0.0,0.0
110,image_110.jpg,1.0,0.0,0.0,1.0
111,image_111.jpg,1.0,1.0,1.0,0.0
112,image_112.jpg,1.0,1.0,1.0,0.0
113,image_113.jpg,1.0,1.0,1.0,0.0
114,image_114.jpg,1.0,1.0,1.0,0.0
115,image_115.jpg,1.0,0.0,1.0,0.0
116,image_116.jpg,1.0,0.0,0.0,0.0
117,image_117.jpg,1.0,1.0,1.0,0.0
118,image_118.jpg,1.0,1.0,0.0,0.0
119,image_119.jpg,1.0,1.0,0.0,0.0
120,image_120.jpg,1.0,1.0,0.0,0.0
121,image_121.jpg,1.0,1.0,0.0,0.0
122,image_122.jpg,1.0,1.0,1.0,0.0
123,image_123.jpg,1.0,1.0,1.0,0.0
124,image_124.jpg,1.0,0.0,0.0,0.0
125,image_125.jpg,1.0,1.0,0.0,0.0
126,image_126.jpg,1.0,0.0,1.0,0.0
127,image_127.jpg,1.0,1.0,0.0,0.0
128,image_128.jpg,1.0,1.0,0.0,0.0
129,image_129.jpg,1.0,1.0,0.0,0.0
130,image_130.jpg,1.0,1.0,0.0,0.0
131,image_131.jpg,0.0,1.0,1.0,0.0
132,image_132.jpg,1.0,1.0,1.0,0.0
133,image_133.jpg,1.0,1.0,0.0,0.0
134,image_134.jpg,1.0,0.0,0.0,0.0
135,image_135.jpg,0.0,1.0,1.0,1.0
136,image_136.jpg,1.0,1.0,0.0,0.0
137,image_137.jpg,1.0,1.0,0.0,0.0
138,image_138.jpg,1.0,0.0,0.0,0.0
139,image_139.jpg,1.0,1.0,1.0,0.0
140,image_140.jpg,1.0,1.0,0.0,0.0
141,image_141.jpg,1.0,1.0,1.0,1.0
142,image_142.jpg,1.0,1.0,0.0,0.0
143,image_143.jpg,1.0,0.0,1.0,0.0
144,image_144.jpg,1.0,1.0,0.0,1.0
145,image_145.jpg,1.0,0.0,1.0,0.0
146,image_146.jpg,1.0,1.0,0.0,0.0
147,image_147.jpg,0.0,0.0,0.0,0.0
148,image_148.jpg,1.0,1.0,1.0,0.0
149,image_149.jpg,1.0,1.0,0.0,0.0
150,image_150.jpg,1.0,0.0,0.0,0.0
151,image_151.jpg,1.0,1.0,1.0,0.0
152,image_152.jpg,1.0,0.0,0.0,0.0
153,image_153.jpg,1.0,1.0,0.0,0.0
154,image_154.jpg,1.0,1.0,0.0,0.0
155,image_155.jpg,1.0,1.0,1.0,0.0
156,image_156.jpg,1.0,1.0,0.0,1.0
157,image_157.jpg,1.0,1.0,0.0,0.0
158,image_158.jpg,1.0,0.0,0.0,0.0
159,image_159.jpg,1.0,0.0,1.0,0.0
160,image_160.jpg,1.0,1.0,0.0,0.0
161,image_161.jpg,1.0,1.0,0.0,0.0
162,image_162.jpg,1.0,1.0,1.0,0.0
163,image_163.jpg,1.0,1.0,1.0,0.0
164,image_164.jpg,1.0,1.0,1.0,1.0
165,image_165.jpg,1.0,1.0,1.0,0.0
166,image_166.jpg,1.0,1.0,1.0,0.0
167,image_167.jpg,0.0,1.0,1.0,0.0
168,image_168.jpg,1.0,0.0,1.0,0.0
169,image_169.jpg,0.0,0.0,1.0,0.0
170,image_170.jpg,1.0,1.0,0.0,0.0
171,image_171.jpg,1.0,1.0,0.0,0.0
172,image_172.jpg,1.0,0.0,1.0,0.0
173,image_173.jpg,1.0,1.0,1.0,0.0
174,image_174.jpg,1.0,1.0,1.0,0.0
175,image_175.jpg,1.0,1.0,1.0,0.0
176,image_176.jpg,0.0,1.0,1.0,0.0
177,image_177.jpg,1.0,1.0,0.0,0.0
178,image_178.jpg,1.0,0.0,1.0,0.0
179,image_179.jpg,1.0,1.0,0.0,0.0
180,image_180.jpg,0.0,1.0,1.0,0.0
181,image_181.jpg,1.0,1.0,1.0,0.0
182,image_182.jpg,1.0,0.0,0.0,0.0
183,image_183.jpg,0.0,1.0,0.0,0.0
184,image_184.jpg,1.0,1.0,1.0,0.0
185,image_185.jpg,1.0,1.0,0.0,0.0
186,image_186.jpg,1.0,1.0,0.0,0.0
187,image_187.jpg,1.0,1.0,1.0,0.0
188,image_188.jpg,1.0,1.0,1.0,0.0
189,image_189.jpg,1.0,1.0,1.0,0.0
190,image_190.jpg,1.0,1.0,0.0,0.0
191,image_191.jpg,1.0,0.0,1.0,0.0
192,image_192.jpg,0.0,1.0,0.0,0.0
193,image_193.jpg,0.0,1.0,0.0,0.0
194,image_194.jpg,1.0,0.0,0.0,0.0
195,image_195.jpg,1.0,1.0,0.0,0.0
196,image_196.jpg,1.0,0.0,1.0,0.0
197,image_197.jpg,1.0,1.0,0.0,0.0
198,image_198.jpg,1.0,1.0,1.0,0.0
199,image_199.jpg,1.0,0.0,1.0,0.0
200,image_200.jpg,1.0,1.0,0.0,0.0
201,image_201.jpg,1.0,0.0,1.0,0.0
202,image_202.jpg,1.0,1.0,1.0,0.0
203,image_203.jpg,0.0,1.0,1.0,0.0
204,image_204.jpg,1.0,0.0,1.0,0.0
205,image_205.jpg,1.0,0.0,0.0,0.0
206,image_206.jpg,1.0,1.0,0.0,0.0
207,image_207.jpg,0.0,0.0,1.0,1.0
208,image_208.jpg,1.0,1.0,0.0,0.0
209,image_209.jpg,1.0,1.0,0.0,1.0
210,image_210.jpg,1.0,0.0,1.0,0.0
211,image_211.jpg,1.0,1.0,1.0,1.0
212,image_212.jpg,0.0,0.0,0.0,0.0
213,image_213.jpg,0.0,1.0,1.0,0.0
214,image_214.jpg,1.0,1.0,1.0,0.0
215,image_215.jpg,1.0,1.0,1.0,0.0
216,image_216.jpg,1.0,0.0,0.0,0.0
217,image_217.jpg,1.0,0.0,1.0,0.0
218,image_218.jpg,1.0,1.0,0.0,0.0
219,image_219.jpg,1.0,1.0,1.0,0.0
220,image_220.jpg,1.0,1.0,1.0,0.0
221,image_221.jpg,1.0,1.0,1.0,0.0
222,image_222.jpg,1.0,1.0,1.0,0.0
223,image_223.jpg,1.0,1.0,1.0,0.0
224,image_224.jpg,1.0,1.0,1.0,0.0
225,image_225.jpg,0.0,1.0,0.0,0.0
226,image_226.jpg,1.0,1.0,1.0,0.0
227,image_227.jpg,1.0,1.0,1.0,0.0
228,image_228.jpg,1.0,1.0,1.0,0.0
229,image_229.jpg,1.0,0.0,1.0,0.0
230,image_230.jpg,0.0,1.0,0.0,0.0
231,image_231.jpg,0.0,1.0,1.0,0.0
232,image_232.jpg,1.0,0.0,0.0,0.0
233,image_233.jpg,0.0,0.0,1.0,0.0
234,image_234.jpg,1.0,1.0,0.0,1.0
235,image_235.jpg,1.0,0.0,0.0,0.0
236,image_236.jpg,1.0,1.0,1.0,0.0
237,image_237.jpg,0.0,0.0,1.0,0.0
238,image_238.jpg,1.0,1.0,0.0,0.0
239,image_239.jpg,1.0,1.0,0.0,0.0
240,image_240.jpg,1.0,1.0,0.0,0.0
241,image_241.jpg,1.0,0.0,0.0,0.0
242,image_242.jpg,1.0,0.0,0.0,0.0
243,image_243.jpg,1.0,0.0,0.0,0.0
244,image_244.jpg,1.0,1.0,0.0,0.0
245,image_245.jpg,1.0,1.0,1.0,0.0
246,image_246.jpg,1.0,1.0,1.0,0.0
247,image_247.jpg,1.0,1.0,0.0,1.0
248,image_248.jpg,1.0,1.0,0.0,0.0
249,image_249.jpg,1.0,1.0,0.0,0.0
250,image_250.jpg,1.0,0.0,1.0,0.0
251,image_251.jpg,1.0,0.0,0.0,0.0
252,image_252.jpg,1.0,1.0,0.0,0.0
253,image_253.jpg,1.0,1.0,0.0,0.0
254,image_254.jpg,1.0,1.0,0.0,0.0
255,image_255.jpg,1.0,1.0,0.0,1.0
256,image_256.jpg,1.0,0.0,0.0,0.0
257,image_257.jpg,1.0,1.0,0.0,0.0
258,image_258.jpg,1.0,1.0,0.0,0.0
259,image_259.jpg,1.0,1.0,0.0,0.0
260,image_260.jpg,1.0,1.0,1.0,0.0
261,image_261.jpg,1.0,1.0,0.0,0.0
262,image_262.jpg,1.0,1.0,0.0,1.0
263,image_263.jpg,1.0,1.0,1.0,0.0
264,image_264.jpg,1.0,1.0,0.0,0.0
265,image_265.jpg,1.0,1.0,0.0,0.0
266,image_266.jpg,1.0,0.0,0.0,0.0
267,image_267.jpg,1.0,1.0,1.0,0.0
268,image_268.jpg,1.0,1.0,1.0,0.0
269,image_269.jpg,1.0,1.0,1.0,0.0
270,image_270.jpg,0.0,0.0,1.0,0.0
271,image_271.jpg,1.0,1.0,1.0,0.0
272,image_272.jpg,0.0,1.0,0.0,0.0
273,image_273.jpg,1.0,1.0,0.0,0.0
274,image_274.jpg,1.0,0.0,0.0,0.0
275,image_275.jpg,1.0,1.0,1.0,0.0
276,image_276.jpg,1.0,1.0,1.0,0.0
277,image_277.jpg,0.0,0.0,1.0,0.0
278,image_278.jpg,1.0,1.0,0.0,0.0
279,image_279.jpg,1.0,0.0,0.0,0.0
280,image_280.jpg,1.0,0.0,0.0,0.0
281,image_281.jpg,1.0,0.0,0.0,0.0
282,image_282.jpg,1.0,1.0,0.0,0.0
283,image_283.jpg,1.0,1.0,1.0,0.0
284,image_284.jpg,1.0,1.0,0.0,0.0
285,image_285.jpg,1.0,1.0,0.0,0.0
286,image_286.jpg,1.0,1.0,0.0,0.0
287,image_287.jpg,1.0,0.0,0.0,0.0
288,image_288.jpg,1.0,0.0,0.0,0.0
289,image_289.jpg,1.0,1.0,0.0,0.0
290,image_290.jpg,0.0,1.0,1.0,0.0
291,image_291.jpg,0.0,1.0,0.0,0.0
292,image_292.jpg,1.0,1.0,1.0,0.0
293,image_293.jpg,1.0,1.0,1.0,0.0
294,image_294.jpg,1.0,1.0,0.0,0.0
295,image_295.jpg,1.0,1.0,0.0,0.0
296,image_296.jpg,1.0,1.0,0.0,0.0
297,image_297.jpg,1.0,0.0,0.0,0.0
298,image_298.jpg,1.0,1.0,1.0,0.0
299,image_299.jpg,0.0,1.0,1.0,0.0
300,image_300.jpg,0.0,1.0,0.0,0.0
301,image_301.jpg,1.0,0.0,1.0,0.0
302,image_302.jpg,1.0,1.0,0.0,0.0
303,image_303.jpg,1.0,1.0,1.0,0.0
304,image_304.jpg,1.0,0.0,1.0,0.0
305,image_305.jpg,1.0,0.0,0.0,0.0
306,image_306.jpg,1.0,1.0,0.0,0.0
307,image_307.jpg,1.0,0.0,1.0,1.0
308,image_308.jpg,1.0,1.0,0.0,1.0
309,image_309.jpg,1.0,1.0,1.0,0.0
310,image_310.jpg,1.0,0.0,1.0,0.0
311,image_311.jpg,1.0,1.0,0.0,0.0
312,image_312.jpg,1.0,1.0,1.0,0.0
313,image_313.jpg,1.0,0.0,1.0,0.0
314,image_314.jpg,1.0,0.0,0.0,0.0
315,image_315.jpg,1.0,0.0,0.0,0.0
316,image_316.jpg,1.0,0.0,1.0,1.0
317,image_317.jpg,1.0,1.0,1.0,0.0
318,image_318.jpg,1.0,1.0,0.0,0.0
319,image_319.jpg,1.0,0.0,1.0,0.0
320,image_320.jpg,1.0,0.0,1.0,0.0
321,image_321.jpg,1.0,1.0,1.0,0.0
322,image_322.jpg,0.0,1.0,0.0,0.0
323,image_323.jpg,1.0,1.0,0.0,0.0
324,image_324.jpg,1.0,0.0,1.0,1.0
325,image_325.jpg,1.0,1.0,0.0,1.0
326,image_326.jpg,1.0,1.0,0.0,0.0
327,image_327.jpg,1.0,1.0,0.0,0.0
328,image_328.jpg,1.0,0.0,1.0,0.0
329,image_329.jpg,1.0,1.0,0.0,0.0
330,image_330.jpg,1.0,1.0,0.0,0.0
331,image_331.jpg,1.0,0.0,1.0,0.0
332,image_332.jpg,1.0,0.0,0.0,0.0
333,image_333.jpg,1.0,0.0,1.0,0.0
334,image_334.jpg,1.0,0.0,0.0,0.0
335,image_335.jpg,1.0,1.0,1.0,1.0
336,image_336.jpg,1.0,0.0,0.0,0.0
337,image_337.jpg,1.0,1.0,1.0,0.0
338,image_338.jpg,1.0,0.0,1.0,0.0
339,image_339.jpg,1.0,1.0,1.0,0.0
340,image_340.jpg,1.0,1.0,1.0,0.0
341,image_341.jpg,1.0,1.0,1.0,0.0
342,image_342.jpg,1.0,1.0,1.0,0.0
343,image_343.jpg,1.0,1.0,0.0,0.0
344,image_344.jpg,1.0,1.0,1.0,0.0
345,image_345.jpg,1.0,1.0,1.0,0.0
346,image_346.jpg,1.0,1.0,0.0,0.0
347,image_347.jpg,0.0,0.0,1.0,1.0
348,image_348.jpg,1.0,1.0,1.0,0.0
349,image_349.jpg,1.0,1.0,0.0,0.0
350,image_350.jpg,1.0,0.0,0.0,1.0
351,image_351.jpg,1.0,0.0,0.0,1.0
352,image_352.jpg,1.0,1.0,0.0,0.0
353,image_353.jpg,0.0,1.0,1.0,1.0
354,image_354.jpg,0.0,1.0,1.0,1.0
355,image_355.jpg,0.0,0.0,1.0,0.0
356,image_356.jpg,1.0,1.0,1.0,0.0
357,image_357.jpg,1.0,1.0,1.0,0.0
358,image_358.jpg,1.0,1.0,0.0,0.0
359,image_359.jpg,1.0,1.0,1.0,0.0
360,image_360.jpg,1.0,1.0,1.0,0.0
361,image_361.jpg,1.0,1.0,1.0,0.0
362,image_362.jpg,1.0,0.0,0.0,1.0
363,image_363.jpg,1.0,0.0,1.0,0.0
364,image_364.jpg,1.0,0.0,0.0,0.0
365,image_365.jpg,0.0,1.0,0.0,0.0
366,image_366.jpg,1.0,1.0,1.0,0.0
367,image_367.jpg,1.0,1.0,0.0,1.0
368,image_368.jpg,1.0,0.0,0.0,0.0
369,image_369.jpg,1.0,1.0,0.0,1.0
370,image_370.jpg,0.0,1.0,1.0,0.0
371,image_371.jpg,1.0,0.0,0.0,0.0
372,image_372.jpg,1.0,1.0,0.0,0.0
373,image_373.jpg,1.0,1.0,0.0,0.0
374,image_374.jpg,1.0,1.0,0.0,0.0
375,image_375.jpg,1.0,1.0,1.0,0.0
376,image_376.jpg,1.0,1.0,0.0,0.0
377,image_377.jpg,0.0,1.0,0.0,0.0
378,image_378.jpg,1.0,0.0,0.0,0.0
379,image_379.jpg,0.0,1.0,1.0,0.0
380,image_380.jpg,1.0,1.0,1.0,0.0
381,image_381.jpg,1.0,1.0,0.0,0.0
382,image_382.jpg,1.0,1.0,1.0,0.0
383,image_383.jpg,1.0,1.0,0.0,0.0
384,image_384.jpg,0.0,1.0,1.0,0.0
385,image_385.jpg,1.0,1.0,1.0,0.0
386,image_386.jpg,1.0,0.0,1.0,0.0
387,image_387.jpg,1.0,1.0,1.0,0.0
388,image_388.jpg,1.0,1.0,1.0,1.0
389,image_389.jpg,1.0,1.0,1.0,0.0
390,image_390.jpg,0.0,1.0,0.0,0.0
391,image_391.jpg,1.0,1.0,0.0,0.0
392,image_392.jpg,1.0,1.0,0.0,0.0
393,image_393.jpg,1.0,1.0,1.0,0.0
394,image_394.jpg,1.0,0.0,0.0,0.0
395,image_395.jpg,1.0,1.0,1.0,0.0
396,image_396.jpg,1.0,1.0,0.0,0.0
397,image_397.jpg,0.0,0.0,0.0,0.0
398,image_398.jpg,1.0,1.0,1.0,0.0
399,image_399.jpg,1.0,0.0,0.0,0.0
400,image_400.jpg,0.0,1.0,0.0,0.0
401,image_401.jpg,0.0,1.0,0.0,1.0
402,image_402.jpg,0.0,1.0,1.0,0.0
403,image_403.jpg,1.0,1.0,0.0,0.0
404,image_404.jpg,0.0,1.0,1.0,0.0
405,image_405.jpg,1.0,1.0,1.0,0.0
406,image_406.jpg,0.0,1.0,0.0,0.0
407,image_407.jpg,0.0,1.0,1.0,0.0
408,image_408.jpg,1.0,1.0,1.0,0.0
409,image_409.jpg,1.0,1.0,0.0,0.0
410,image_410.jpg,0.0,1.0,0.0,0.0
411,image_411.jpg,1.0,1.0,0.0,0.0
412,image_412.jpg,0.0,1.0,1.0,0.0
413,image_413.jpg,0.0,1.0,1.0,0.0
414,image_414.jpg,1.0,0.0,0.0,0.0
415,image_415.jpg,1.0,1.0,1.0,0.0
416,image_416.jpg,1.0,1.0,1.0,0.0
417,image_417.jpg,1.0,1.0,0.0,0.0
418,image_418.jpg,0.0,1.0,1.0,0.0
419,image_419.jpg,1.0,1.0,0.0,0.0
420,image_420.jpg,1.0,0.0,1.0,0.0
421,image_421.jpg,1.0,1.0,0.0,0.0
422,image_422.jpg,1.0,1.0,1.0,0.0
423,image_423.jpg,1.0,1.0,0.0,0.0
424,image_424.jpg,1.0,1.0,1.0,0.0
425,image_425.jpg,1.0,1.0,1.0,0.0
426,image_426.jpg,1.0,1.0,0.0,0.0
427,image_427.jpg,1.0,1.0,0.0,0.0
428,image_428.jpg,1.0,0.0,0.0,0.0
429,image_429.jpg,0.0,1.0,0.0,0.0
430,image_430.jpg,1.0,0.0,0.0,0.0
431,image_431.jpg,1.0,1.0,1.0,1.0
432,image_432.jpg,1.0,1.0,1.0,0.0
433,image_433.jpg,1.0,0.0,0.0,0.0
434,image_434.jpg,1.0,1.0,1.0,0.0
435,image_435.jpg,1.0,1.0,0.0,0.0
436,image_436.jpg,1.0,1.0,0.0,0.0
437,image_437.jpg,1.0,0.0,0.0,0.0
438,image_438.jpg,1.0,1.0,1.0,0.0
439,image_439.jpg,0.0,1.0,0.0,0.0
440,image_440.jpg,1.0,1.0,1.0,0.0
441,image_441.jpg,1.0,0.0,0.0,1.0
442,image_442.jpg,1.0,1.0,0.0,0.0
443,image_443.jpg,1.0,1.0,0.0,0.0
444,image_444.jpg,1.0,1.0,0.0,0.0
445,image_445.jpg,1.0,1.0,0.0,0.0
446,image_446.jpg,1.0,1.0,0.0,0.0
447,image_447.jpg,1.0,1.0,1.0,0.0
448,image_448.jpg,0.0,1.0,1.0,0.0
449,image_449.jpg,0.0,1.0,1.0,0.0
450,image_450.jpg,1.0,0.0,0.0,0.0
451,image_451.jpg,1.0,1.0,1.0,0.0
452,image_452.jpg,1.0,1.0,0.0,0.0
453,image_453.jpg,1.0,0.0,1.0,0.0
454,image_454.jpg,1.0,1.0,0.0,0.0
455,image_455.jpg,1.0,1.0,1.0,0.0
456,image_456.jpg,1.0,0.0,1.0,0.0
457,image_457.jpg,1.0,1.0,1.0,0.0
458,image_458.jpg,1.0,1.0,1.0,0.0
459,image_459.jpg,1.0,1.0,1.0,0.0
460,image_460.jpg,1.0,1.0,0.0,0.0
461,image_461.jpg,1.0,0.0,0.0,0.0
462,image_462.jpg,1.0,1.0,0.0,0.0
463,image_463.jpg,1.0,0.0,0.0,0.0
464,image_464.jpg,1.0,1.0,1.0,0.0
465,image_465.jpg,1.0,1.0,1.0,0.0
466,image_466.jpg,1.0,0.0,1.0,0.0
467,image_467.jpg,1.0,1.0,1.0,0.0
468,image_468.jpg,1.0,1.0,0.0,0.0
469,image_469.jpg,1.0,1.0,1.0,0.0
470,image_470.jpg,1.0,1.0,0.0,0.0
471,image_471.jpg,1.0,0.0,0.0,0.0
472,image_472.jpg,1.0,0.0,1.0,0.0
473,image_473.jpg,1.0,1.0,0.0,0.0
474,image_474.jpg,0.0,0.0,0.0,1.0
475,image_475.jpg,1.0,1.0,1.0,0.0
476,image_476.jpg,1.0,1.0,1.0,0.0
477,image_477.jpg,1.0,0.0,0.0,0.0
478,image_478.jpg,1.0,0.0,1.0,0.0
479,image_479.jpg,1.0,0.0,1.0,0.0
480,image_480.jpg,1.0,1.0,1.0,1.0
481,image_481.jpg,1.0,0.0,1.0,0.0
482,image_482.jpg,1.0,1.0,1.0,1.0
483,image_483.jpg,1.0,1.0,1.0,0.0
484,image_484.jpg,0.0,1.0,0.0,0.0
485,image_485.jpg,1.0,0.0,0.0,0.0
486,image_486.jpg,0.0,0.0,1.0,0.0
487,image_487.jpg,1.0,1.0,1.0,0.0
488,image_488.jpg,1.0,0.0,0.0,0.0
490,image_490.jpg,1.0,1.0,1.0,0.0
491,image_491.jpg,1.0,1.0,1.0,0.0
492,image_492.jpg,1.0,1.0,0.0,0.0
493,image_493.jpg,1.0,1.0,0.0,0.0
494,image_494.jpg,1.0,0.0,1.0,0.0
495,image_495.jpg,1.0,1.0,1.0,0.0
496,image_496.jpg,1.0,0.0,0.0,0.0
497,image_497.jpg,1.0,0.0,0.0,0.0
498,image_498.jpg,1.0,1.0,0.0,0.0
499,image_499.jpg,1.0,1.0,1.0,1.0
500,image_500.jpg,1.0,0.0,1.0,0.0
501,image_501.jpg,1.0,0.0,1.0,0.0
502,image_502.jpg,1.0,1.0,1.0,0.0
503,image_503.jpg,1.0,1.0,1.0,0.0
504,image_504.jpg,1.0,0.0,1.0,0.0
505,image_505.jpg,1.0,1.0,0.0,0.0
506,image_506.jpg,0.0,1.0,1.0,0.0
507,image_507.jpg,1.0,0.0,0.0,0.0
508,image_508.jpg,1.0,1.0,1.0,0.0
509,image_509.jpg,1.0,1.0,0.0,0.0
510,image_510.jpg,1.0,1.0,1.0,1.0
511,image_511.jpg,1.0,1.0,0.0,0.0
512,image_512.jpg,1.0,0.0,1.0,0.0
513,image_513.jpg,1.0,0.0,0.0,0.0
514,image_514.jpg,1.0,1.0,1.0,0.0
515,image_515.jpg,1.0,1.0,0.0,0.0
516,image_516.jpg,1.0,1.0,0.0,0.0
517,image_517.jpg,1.0,1.0,1.0,0.0
518,image_518.jpg,1.0,0.0,1.0,0.0
519,image_519.jpg,1.0,1.0,1.0,0.0
520,image_520.jpg,1.0,1.0,0.0,0.0
521,image_521.jpg,1.0,1.0,0.0,0.0
522,image_522.jpg,1.0,1.0,1.0,0.0
523,image_523.jpg,1.0,0.0,1.0,0.0
524,image_524.jpg,1.0,1.0,1.0,0.0
525,image_525.jpg,1.0,1.0,1.0,0.0
526,image_526.jpg,1.0,1.0,0.0,1.0
527,image_527.jpg,0.0,1.0,0.0,1.0
528,image_528.jpg,1.0,0.0,1.0,0.0
529,image_529.jpg,1.0,1.0,1.0,0.0
530,image_530.jpg,0.0,0.0,0.0,0.0
531,image_531.jpg,1.0,0.0,0.0,1.0
532,image_532.jpg,1.0,1.0,0.0,0.0
533,image_533.jpg,1.0,1.0,1.0,1.0
534,image_534.jpg,0.0,0.0,1.0,0.0
535,image_535.jpg,1.0,1.0,0.0,0.0
536,image_536.jpg,1.0,0.0,0.0,0.0
537,image_537.jpg,0.0,1.0,0.0,0.0
538,image_538.jpg,1.0,1.0,0.0,0.0
539,image_539.jpg,1.0,0.0,0.0,1.0
540,image_540.jpg,1.0,1.0,0.0,0.0
541,image_541.jpg,1.0,1.0,0.0,1.0
542,image_542.jpg,0.0,1.0,0.0,0.0
543,image_543.jpg,1.0,0.0,0.0,0.0
544,image_544.jpg,1.0,1.0,1.0,0.0
545,image_545.jpg,1.0,1.0,1.0,0.0
546,image_546.jpg,1.0,1.0,1.0,0.0
547,image_547.jpg,1.0,1.0,1.0,0.0
548,image_548.jpg,1.0,0.0,0.0,0.0
549,image_549.jpg,1.0,1.0,0.0,0.0
550,image_550.jpg,1.0,1.0,1.0,0.0
551,image_551.jpg,1.0,1.0,0.0,0.0
552,image_552.jpg,1.0,0.0,1.0,0.0
553,image_553.jpg,1.0,1.0,1.0,0.0
554,image_554.jpg,1.0,1.0,1.0,0.0
555,image_555.jpg,1.0,1.0,0.0,0.0
556,image_556.jpg,1.0,0.0,0.0,0.0
557,image_557.jpg,1.0,1.0,1.0,0.0
558,image_558.jpg,1.0,1.0,1.0,0.0
559,image_559.jpg,1.0,1.0,1.0,1.0
560,image_560.jpg,1.0,0.0,1.0,0.0
561,image_561.jpg,1.0,1.0,1.0,0.0
562,image_562.jpg,1.0,1.0,0.0,0.0
563,image_563.jpg,1.0,1.0,1.0,0.0
564,image_564.jpg,1.0,1.0,0.0,0.0
565,image_565.jpg,1.0,1.0,1.0,0.0
566,image_566.jpg,1.0,1.0,0.0,0.0
567,image_567.jpg,1.0,1.0,0.0,0.0
568,image_568.jpg,1.0,1.0,0.0,0.0
569,image_569.jpg,1.0,1.0,1.0,0.0
570,image_570.jpg,1.0,1.0,1.0,0.0
571,image_571.jpg,1.0,1.0,0.0,1.0
572,image_572.jpg,1.0,1.0,0.0,0.0
573,image_573.jpg,1.0,1.0,1.0,0.0
574,image_574.jpg,0.0,1.0,1.0,0.0
575,image_575.jpg,1.0,1.0,0.0,0.0
576,image_576.jpg,1.0,1.0,0.0,0.0
577,image_577.jpg,0.0,0.0,1.0,0.0
578,image_578.jpg,1.0,1.0,0.0,1.0
579,image_579.jpg,1.0,1.0,0.0,0.0
580,image_580.jpg,0.0,1.0,1.0,0.0
581,image_581.jpg,1.0,1.0,1.0,0.0
582,image_582.jpg,1.0,0.0,0.0,0.0
583,image_583.jpg,1.0,0.0,1.0,0.0
584,image_584.jpg,1.0,0.0,1.0,0.0
585,image_585.jpg,0.0,0.0,0.0,0.0
586,image_586.jpg,1.0,1.0,0.0,0.0
587,image_587.jpg,1.0,1.0,0.0,0.0
588,image_588.jpg,1.0,1.0,0.0,0.0
589,image_589.jpg,1.0,1.0,1.0,0.0
590,image_590.jpg,1.0,0.0,1.0,0.0
591,image_591.jpg,1.0,1.0,0.0,0.0
592,image_592.jpg,1.0,0.0,0.0,0.0
593,image_593.jpg,1.0,1.0,1.0,0.0
594,image_594.jpg,1.0,1.0,0.0,0.0
595,image_595.jpg,1.0,1.0,1.0,0.0
596,image_596.jpg,1.0,1.0,1.0,0.0
597,image_597.jpg,1.0,1.0,0.0,0.0
598,image_598.jpg,1.0,1.0,0.0,0.0
599,image_599.jpg,1.0,1.0,1.0,0.0
600,image_600.jpg,1.0,1.0,1.0,0.0
601,image_601.jpg,1.0,1.0,0.0,0.0
602,image_602.jpg,1.0,1.0,0.0,0.0
603,image_603.jpg,0.0,1.0,1.0,0.0
604,image_604.jpg,1.0,1.0,1.0,0.0
605,image_605.jpg,1.0,1.0,0.0,0.0
606,image_606.jpg,0.0,1.0,1.0,0.0
607,image_607.jpg,1.0,1.0,1.0,0.0
608,image_608.jpg,1.0,1.0,0.0,0.0
609,image_609.jpg,1.0,1.0,1.0,0.0
610,image_610.jpg,1.0,1.0,1.0,0.0
611,image_611.jpg,1.0,0.0,0.0,0.0
612,image_612.jpg,1.0,1.0,1.0,0.0
613,image_613.jpg,1.0,1.0,1.0,0.0
614,image_614.jpg,1.0,0.0,0.0,0.0
615,image_615.jpg,1.0,1.0,1.0,0.0
616,image_616.jpg,1.0,0.0,0.0,0.0
617,image_617.jpg,1.0,1.0,0.0,0.0
618,image_618.jpg,1.0,0.0,1.0,1.0
619,image_619.jpg,1.0,1.0,1.0,0.0
620,image_620.jpg,1.0,1.0,1.0,0.0
621,image_621.jpg,1.0,1.0,1.0,0.0
622,image_622.jpg,1.0,0.0,1.0,0.0
623,image_623.jpg,0.0,0.0,0.0,0.0
625,image_625.jpg,1.0,0.0,1.0,0.0
626,image_626.jpg,1.0,1.0,1.0,0.0
627,image_627.jpg,1.0,0.0,1.0,0.0
628,image_628.jpg,1.0,1.0,1.0,0.0
629,image_629.jpg,1.0,1.0,1.0,0.0
630,image_630.jpg,1.0,0.0,1.0,0.0
631,image_631.jpg,1.0,1.0,1.0,0.0
632,image_632.jpg,1.0,1.0,1.0,1.0
633,image_633.jpg,1.0,0.0,1.0,0.0
634,image_634.jpg,1.0,1.0,0.0,0.0
635,image_635.jpg,1.0,1.0,0.0,0.0
636,image_636.jpg,1.0,1.0,1.0,0.0
637,image_637.jpg,0.0,1.0,0.0,0.0
638,image_638.jpg,0.0,1.0,1.0,0.0
639,image_639.jpg,1.0,1.0,1.0,0.0
640,image_640.jpg,1.0,1.0,0.0,0.0
641,image_641.jpg,1.0,1.0,0.0,0.0
642,image_642.jpg,1.0,1.0,1.0,0.0
643,image_643.jpg,1.0,1.0,0.0,0.0
644,image_644.jpg,1.0,1.0,0.0,0.0
645,image_645.jpg,1.0,0.0,1.0,0.0
646,image_646.jpg,1.0,1.0,1.0,1.0
647,image_647.jpg,1.0,1.0,1.0,0.0
648,image_648.jpg,1.0,1.0,1.0,0.0
649,image_649.jpg,0.0,1.0,1.0,0.0
650,image_650.jpg,1.0,1.0,1.0,0.0
651,image_651.jpg,0.0,0.0,0.0,0.0
652,image_652.jpg,1.0,1.0,1.0,0.0
653,image_653.jpg,1.0,1.0,0.0,0.0
654,image_654.jpg,1.0,1.0,0.0,0.0
655,image_655.jpg,1.0,1.0,0.0,0.0
656,image_656.jpg,1.0,1.0,1.0,0.0
657,image_657.jpg,1.0,0.0,1.0,1.0
658,image_658.jpg,1.0,0.0,1.0,0.0
659,image_659.jpg,1.0,1.0,1.0,0.0
660,image_660.jpg,1.0,0.0,1.0,0.0
661,image_661.jpg,1.0,1.0,1.0,0.0
662,image_662.jpg,1.0,0.0,0.0,0.0
663,image_663.jpg,1.0,1.0,0.0,0.0
664,image_664.jpg,0.0,1.0,1.0,0.0
665,image_665.jpg,1.0,0.0,1.0,0.0
666,image_666.jpg,0.0,1.0,0.0,0.0
667,image_667.jpg,1.0,1.0,0.0,0.0
668,image_668.jpg,1.0,1.0,0.0,0.0
669,image_669.jpg,1.0,1.0,1.0,0.0
670,image_670.jpg,1.0,1.0,0.0,0.0
671,image_671.jpg,1.0,1.0,1.0,0.0
672,image_672.jpg,1.0,1.0,1.0,1.0
673,image_673.jpg,0.0,1.0,1.0,0.0
674,image_674.jpg,1.0,0.0,1.0,1.0
675,image_675.jpg,1.0,0.0,1.0,0.0
676,image_676.jpg,1.0,1.0,1.0,0.0
677,image_677.jpg,0.0,1.0,0.0,0.0
678,image_678.jpg,1.0,0.0,0.0,0.0
679,image_679.jpg,0.0,1.0,0.0,0.0
680,image_680.jpg,1.0,1.0,1.0,0.0
681,image_681.jpg,1.0,1.0,0.0,0.0
682,image_682.jpg,1.0,1.0,1.0,0.0
683,image_683.jpg,1.0,1.0,1.0,0.0
684,image_684.jpg,1.0,0.0,0.0,0.0
685,image_685.jpg,1.0,1.0,1.0,0.0
686,image_686.jpg,1.0,1.0,1.0,0.0
687,image_687.jpg,1.0,0.0,1.0,0.0
688,image_688.jpg,1.0,1.0,0.0,0.0
689,image_689.jpg,1.0,1.0,1.0,0.0
690,image_690.jpg,1.0,1.0,0.0,0.0
691,image_691.jpg,1.0,1.0,1.0,0.0
692,image_692.jpg,1.0,1.0,1.0,0.0
693,image_693.jpg,1.0,1.0,1.0,0.0
694,image_694.jpg,1.0,1.0,0.0,0.0
695,image_695.jpg,1.0,1.0,1.0,0.0
696,image_696.jpg,1.0,1.0,1.0,0.0
697,image_697.jpg,0.0,1.0,0.0,1.0
698,image_698.jpg,1.0,1.0,0.0,0.0
699,image_699.jpg,1.0,0.0,0.0,0.0
700,image_700.jpg,1.0,1.0,1.0,0.0
701,image_701.jpg,1.0,0.0,1.0,0.0
702,image_702.jpg,1.0,1.0,0.0,0.0
703,image_703.jpg,1.0,1.0,0.0,1.0
704,image_704.jpg,1.0,1.0,1.0,0.0
705,image_705.jpg,1.0,1.0,0.0,0.0
706,image_706.jpg,1.0,1.0,1.0,0.0
707,image_707.jpg,1.0,1.0,0.0,0.0
708,image_708.jpg,0.0,1.0,0.0,0.0
709,image_709.jpg,1.0,1.0,1.0,0.0
710,image_710.jpg,1.0,1.0,0.0,0.0
711,image_711.jpg,0.0,1.0,0.0,0.0
712,image_712.jpg,1.0,1.0,0.0,0.0
713,image_713.jpg,1.0,1.0,0.0,0.0
714,image_714.jpg,1.0,1.0,1.0,0.0
715,image_715.jpg,1.0,1.0,1.0,0.0
716,image_716.jpg,1.0,1.0,0.0,0.0
717,image_717.jpg,0.0,1.0,0.0,0.0
718,image_718.jpg,1.0,1.0,1.0,0.0
719,image_719.jpg,1.0,1.0,0.0,0.0
720,image_720.jpg,1.0,1.0,1.0,0.0
721,image_721.jpg,1.0,0.0,0.0,0.0
722,image_722.jpg,1.0,1.0,0.0,0.0
723,image_723.jpg,1.0,1.0,1.0,0.0
724,image_724.jpg,0.0,1.0,1.0,0.0
725,image_725.jpg,0.0,1.0,1.0,0.0
726,image_726.jpg,1.0,0.0,0.0,0.0
727,image_727.jpg,1.0,1.0,0.0,0.0
728,image_728.jpg,1.0,1.0,0.0,0.0
729,image_729.jpg,1.0,1.0,0.0,0.0
730,image_730.jpg,0.0,1.0,1.0,0.0
731,image_731.jpg,1.0,1.0,0.0,0.0
732,image_732.jpg,1.0,1.0,1.0,0.0
733,image_733.jpg,1.0,0.0,0.0,1.0
734,image_734.jpg,1.0,1.0,0.0,0.0
735,image_735.jpg,1.0,1.0,1.0,0.0
736,image_736.jpg,1.0,1.0,1.0,0.0
737,image_737.jpg,1.0,1.0,1.0,0.0
738,image_738.jpg,1.0,0.0,1.0,0.0
739,image_739.jpg,1.0,1.0,1.0,0.0
740,image_740.jpg,1.0,1.0,0.0,0.0
741,image_741.jpg,1.0,1.0,0.0,1.0
742,image_742.jpg,1.0,1.0,0.0,0.0
743,image_743.jpg,1.0,1.0,1.0,0.0
744,image_744.jpg,1.0,1.0,0.0,0.0
745,image_745.jpg,1.0,1.0,1.0,1.0
746,image_746.jpg,1.0,1.0,1.0,0.0
747,image_747.jpg,1.0,1.0,0.0,0.0
748,image_748.jpg,1.0,1.0,1.0,0.0
749,image_749.jpg,1.0,1.0,1.0,0.0
750,image_750.jpg,1.0,0.0,0.0,0.0
751,image_751.jpg,1.0,1.0,0.0,0.0
752,image_752.jpg,1.0,0.0,0.0,0.0
753,image_753.jpg,0.0,1.0,1.0,0.0
754,image_754.jpg,0.0,1.0,1.0,0.0
755,image_755.jpg,1.0,0.0,1.0,0.0
756,image_756.jpg,1.0,1.0,0.0,0.0
757,image_757.jpg,1.0,1.0,1.0,0.0
758,image_758.jpg,1.0,1.0,0.0,0.0
759,image_759.jpg,1.0,1.0,1.0,0.0
760,image_760.jpg,1.0,1.0,0.0,0.0
761,image_761.jpg,1.0,1.0,1.0,0.0
762,image_762.jpg,1.0,1.0,1.0,0.0
763,image_763.jpg,1.0,1.0,1.0,1.0
764,image_764.jpg,1.0,1.0,1.0,0.0
765,image_765.jpg,1.0,1.0,0.0,0.0
766,image_766.jpg,1.0,0.0,1.0,0.0
767,image_767.jpg,1.0,1.0,0.0,0.0
768,image_768.jpg,0.0,1.0,0.0,0.0
769,image_769.jpg,1.0,1.0,0.0,0.0
770,image_770.jpg,1.0,1.0,0.0,0.0
771,image_771.jpg,1.0,1.0,1.0,0.0
772,image_772.jpg,0.0,1.0,0.0,0.0
773,image_773.jpg,1.0,1.0,1.0,0.0
774,image_774.jpg,1.0,1.0,0.0,1.0
775,image_775.jpg,1.0,0.0,1.0,1.0
776,image_776.jpg,0.0,1.0,1.0,0.0
777,image_777.jpg,1.0,1.0,0.0,0.0
778,image_778.jpg,1.0,1.0,1.0,0.0
779,image_779.jpg,1.0,1.0,0.0,0.0
780,image_780.jpg,1.0,1.0,0.0,0.0
781,image_781.jpg,1.0,1.0,1.0,0.0
782,image_782.jpg,1.0,1.0,0.0,0.0
783,image_783.jpg,1.0,1.0,0.0,0.0
784,image_784.jpg,0.0,1.0,0.0,0.0
785,image_785.jpg,1.0,0.0,1.0,0.0
786,image_786.jpg,1.0,0.0,1.0,0.0
787,image_787.jpg,1.0,1.0,0.0,0.0
788,image_788.jpg,1.0,1.0,0.0,0.0
789,image_789.jpg,0.0,1.0,1.0,0.0
790,image_790.jpg,1.0,0.0,0.0,0.0
791,image_791.jpg,0.0,1.0,1.0,0.0
792,image_792.jpg,1.0,0.0,1.0,0.0
793,image_793.jpg,1.0,1.0,1.0,0.0
794,image_794.jpg,1.0,1.0,1.0,0.0
795,image_795.jpg,1.0,1.0,1.0,0.0
796,image_796.jpg,1.0,0.0,1.0,0.0
797,image_797.jpg,1.0,1.0,0.0,1.0
798,image_798.jpg,1.0,1.0,0.0,0.0
799,image_799.jpg,1.0,1.0,1.0,0.0
800,image_800.jpg,1.0,0.0,1.0,0.0
801,image_801.jpg,0.0,0.0,0.0,0.0
802,image_802.jpg,1.0,1.0,1.0,0.0
803,image_803.jpg,1.0,1.0,0.0,0.0
804,image_804.jpg,1.0,1.0,1.0,0.0
805,image_805.jpg,1.0,1.0,0.0,0.0
806,image_806.jpg,1.0,1.0,0.0,1.0
807,image_807.jpg,1.0,0.0,1.0,0.0
808,image_808.jpg,1.0,1.0,1.0,0.0
809,image_809.jpg,1.0,0.0,0.0,0.0
810,image_810.jpg,1.0,1.0,1.0,0.0
811,image_811.jpg,1.0,1.0,1.0,0.0
812,image_812.jpg,1.0,1.0,1.0,0.0
813,image_813.jpg,1.0,1.0,0.0,0.0
814,image_814.jpg,1.0,1.0,0.0,0.0
815,image_815.jpg,1.0,1.0,1.0,0.0
816,image_816.jpg,1.0,1.0,1.0,0.0
817,image_817.jpg,1.0,0.0,0.0,0.0
818,image_818.jpg,1.0,0.0,0.0,0.0
819,image_819.jpg,1.0,1.0,1.0,0.0
820,image_820.jpg,0.0,1.0,0.0,0.0
821,image_821.jpg,1.0,1.0,0.0,0.0
822,image_822.jpg,1.0,1.0,0.0,0.0
823,image_823.jpg,1.0,0.0,0.0,0.0
824,image_824.jpg,1.0,1.0,1.0,0.0
825,image_825.jpg,0.0,1.0,0.0,1.0
826,image_826.jpg,1.0,1.0,0.0,0.0
827,image_827.jpg,1.0,1.0,1.0,0.0
828,image_828.jpg,1.0,1.0,1.0,0.0
829,image_829.jpg,1.0,1.0,0.0,0.0
830,image_830.jpg,1.0,1.0,1.0,0.0
831,image_831.jpg,1.0,1.0,0.0,0.0
832,image_832.jpg,1.0,1.0,0.0,0.0
833,image_833.jpg,1.0,1.0,1.0,1.0
834,image_834.jpg,1.0,1.0,0.0,0.0
835,image_835.jpg,1.0,1.0,1.0,1.0
836,image_836.jpg,1.0,1.0,1.0,1.0
837,image_837.jpg,1.0,1.0,1.0,0.0
838,image_838.jpg,0.0,1.0,1.0,0.0
839,image_839.jpg,1.0,0.0,0.0,0.0
840,image_840.jpg,1.0,1.0,1.0,0.0
841,image_841.jpg,0.0,1.0,1.0,0.0
842,image_842.jpg,1.0,1.0,1.0,0.0
843,image_843.jpg,1.0,1.0,0.0,1.0
844,image_844.jpg,1.0,1.0,1.0,0.0
845,image_845.jpg,1.0,1.0,1.0,0.0
846,image_846.jpg,1.0,1.0,0.0,1.0
847,image_847.jpg,1.0,0.0,0.0,0.0
848,image_848.jpg,1.0,1.0,0.0,0.0
849,image_849.jpg,1.0,0.0,1.0,1.0
850,image_850.jpg,1.0,1.0,0.0,0.0
851,image_851.jpg,1.0,1.0,0.0,0.0
852,image_852.jpg,1.0,1.0,1.0,0.0
853,image_853.jpg,1.0,1.0,1.0,0.0
854,image_854.jpg,1.0,1.0,0.0,0.0
855,image_855.jpg,0.0,1.0,0.0,0.0
856,image_856.jpg,1.0,1.0,1.0,1.0
857,image_857.jpg,1.0,1.0,1.0,0.0
858,image_858.jpg,1.0,1.0,0.0,0.0
859,image_859.jpg,1.0,1.0,0.0,0.0
860,image_860.jpg,1.0,0.0,0.0,0.0
861,image_861.jpg,1.0,0.0,1.0,0.0
862,image_862.jpg,1.0,1.0,1.0,0.0
863,image_863.jpg,0.0,1.0,1.0,0.0
864,image_864.jpg,0.0,1.0,1.0,0.0
865,image_865.jpg,1.0,0.0,0.0,0.0
866,image_866.jpg,1.0,1.0,0.0,0.0
867,image_867.jpg,1.0,1.0,1.0,0.0
868,image_868.jpg,1.0,1.0,1.0,0.0
869,image_869.jpg,1.0,0.0,1.0,0.0
870,image_870.jpg,1.0,1.0,1.0,0.0
871,image_871.jpg,1.0,0.0,1.0,0.0
872,image_872.jpg,1.0,1.0,1.0,0.0
873,image_873.jpg,0.0,1.0,1.0,0.0
874,image_874.jpg,1.0,1.0,0.0,0.0
876,image_876.jpg,1.0,1.0,1.0,0.0
877,image_877.jpg,0.0,1.0,0.0,0.0
878,image_878.jpg,1.0,1.0,0.0,0.0
879,image_879.jpg,1.0,1.0,0.0,0.0
880,image_880.jpg,1.0,1.0,0.0,0.0
881,image_881.jpg,1.0,1.0,1.0,0.0
882,image_882.jpg,0.0,1.0,1.0,0.0
883,image_883.jpg,1.0,1.0,1.0,0.0
884,image_884.jpg,1.0,1.0,1.0,0.0
885,image_885.jpg,1.0,1.0,1.0,0.0
886,image_886.jpg,1.0,0.0,0.0,0.0
887,image_887.jpg,1.0,1.0,1.0,1.0
888,image_888.jpg,1.0,1.0,0.0,0.0
889,image_889.jpg,0.0,1.0,1.0,0.0
890,image_890.jpg,1.0,1.0,1.0,0.0
891,image_891.jpg,1.0,1.0,0.0,0.0
892,image_892.jpg,1.0,0.0,1.0,0.0
893,image_893.jpg,1.0,0.0,0.0,0.0
894,image_894.jpg,1.0,1.0,1.0,0.0
895,image_895.jpg,1.0,1.0,0.0,1.0
896,image_896.jpg,1.0,1.0,0.0,0.0
897,image_897.jpg,1.0,0.0,1.0,0.0
898,image_898.jpg,1.0,1.0,0.0,0.0
899,image_899.jpg,0.0,1.0,1.0,0.0
900,image_900.jpg,1.0,1.0,1.0,0.0
901,image_901.jpg,1.0,1.0,1.0,0.0
902,image_902.jpg,1.0,1.0,1.0,0.0
903,image_903.jpg,1.0,1.0,1.0,0.0
904,image_904.jpg,1.0,0.0,1.0,0.0
905,image_905.jpg,1.0,0.0,0.0,0.0
906,image_906.jpg,1.0,1.0,0.0,0.0
907,image_907.jpg,0.0,1.0,1.0,0.0
908,image_908.jpg,1.0,1.0,1.0,1.0
909,image_909.jpg,1.0,1.0,1.0,0.0
910,image_910.jpg,1.0,1.0,0.0,0.0
911,image_911.jpg,1.0,1.0,1.0,0.0
912,image_912.jpg,1.0,1.0,0.0,0.0
913,image_913.jpg,1.0,1.0,1.0,0.0
914,image_914.jpg,1.0,1.0,1.0,0.0
915,image_915.jpg,1.0,0.0,0.0,0.0
916,image_916.jpg,1.0,1.0,1.0,0.0
917,image_917.jpg,1.0,1.0,0.0,0.0
918,image_918.jpg,1.0,1.0,1.0,0.0
919,image_919.jpg,1.0,1.0,1.0,0.0
920,image_920.jpg,1.0,1.0,1.0,0.0
921,image_921.jpg,1.0,1.0,1.0,0.0
922,image_922.jpg,1.0,0.0,0.0,0.0
923,image_923.jpg,1.0,1.0,1.0,1.0
924,image_924.jpg,1.0,1.0,0.0,0.0
925,image_925.jpg,1.0,0.0,1.0,0.0
926,image_926.jpg,1.0,0.0,0.0,0.0
927,image_927.jpg,1.0,0.0,0.0,0.0
928,image_928.jpg,1.0,1.0,1.0,0.0
929,image_929.jpg,1.0,1.0,1.0,0.0
930,image_930.jpg,1.0,1.0,1.0,0.0
931,image_931.jpg,1.0,0.0,0.0,0.0
932,image_932.jpg,1.0,1.0,0.0,0.0
933,image_933.jpg,1.0,1.0,0.0,0.0
934,image_934.jpg,1.0,1.0,1.0,0.0
935,image_935.jpg,1.0,1.0,1.0,0.0
936,image_936.jpg,0.0,1.0,0.0,0.0
937,image_937.jpg,1.0,1.0,0.0,0.0
938,image_938.jpg,1.0,1.0,1.0,0.0
939,image_939.jpg,0.0,1.0,1.0,0.0
940,image_940.jpg,1.0,1.0,0.0,0.0
941,image_941.jpg,1.0,1.0,1.0,0.0
942,image_942.jpg,1.0,1.0,0.0,0.0
943,image_943.jpg,1.0,1.0,0.0,1.0
944,image_944.jpg,1.0,1.0,0.0,0.0
945,image_945.jpg,1.0,0.0,0.0,0.0
946,image_946.jpg,1.0,0.0,0.0,0.0
947,image_947.jpg,1.0,1.0,0.0,0.0
948,image_948.jpg,1.0,1.0,1.0,0.0
949,image_949.jpg,0.0,1.0,1.0,0.0
950,image_950.jpg,1.0,1.0,0.0,0.0
951,image_951.jpg,1.0,1.0,0.0,1.0
952,image_952.jpg,1.0,1.0,1.0,0.0
953,image_953.jpg,0.0,1.0,0.0,0.0
954,image_954.jpg,1.0,1.0,1.0,0.0
955,image_955.jpg,1.0,0.0,1.0,0.0
956,image_956.jpg,1.0,0.0,1.0,0.0
957,image_957.jpg,1.0,0.0,0.0,0.0
958,image_958.jpg,1.0,0.0,0.0,0.0
959,image_959.jpg,1.0,0.0,1.0,0.0
960,image_960.jpg,1.0,1.0,0.0,0.0
961,image_961.jpg,1.0,1.0,0.0,0.0
962,image_962.jpg,0.0,0.0,1.0,1.0
963,image_963.jpg,1.0,1.0,0.0,1.0
964,image_964.jpg,1.0,1.0,1.0,0.0
965,image_965.jpg,1.0,1.0,0.0,0.0
966,image_966.jpg,1.0,1.0,0.0,0.0
967,image_967.jpg,1.0,0.0,1.0,0.0
968,image_968.jpg,1.0,1.0,0.0,0.0
969,image_969.jpg,1.0,1.0,1.0,0.0
970,image_970.jpg,1.0,1.0,1.0,1.0
971,image_971.jpg,1.0,1.0,0.0,0.0
972,image_972.jpg,1.0,1.0,1.0,0.0
973,image_973.jpg,0.0,1.0,0.0,0.0
974,image_974.jpg,1.0,1.0,1.0,1.0
